Time;SpeedKmHr;Wind;Wind_Speed;Engine1_engine_speed;Engine1_lube_oil_pressure;Engine1_coolant_temperature;Engine1_boost_pressure;Engine1_engine_load;Engine1_exhaust_temperature1;Engine1_exhaust_temperature2;Engine1_fuel_consumption;Engine1_lube_oil_temperature;Engine2_engine_speed;Engine2_lube_oil_pressure;Engine2_coolant_temperature;Engine2_boost_pressure;Engine2_engine_load;Engine2_exhaust_temperature1;Engine2_exhaust_temperature2;Engine2_fuel_consumption;Engine2_lube_oil_temperature;Engine3_engine_speed;Engine3_lube_oil_pressure;Engine3_coolant_temperature;Engine3_boost_pressure;Engine3_engine_load;Engine3_exhaust_temperature1;Engine3_exhaust_temperature2;Engine3_fuel_consumption;Engine3_lube_oil_temperature;Maneuver_Transit_mode;Maneuver_Transit_state;Engine_state;State;Clock
07/03/2023 13:49:51;0.04;0.8646549934183189;2.78;0.0;0.0;0.0;0.0;0.0;91.74;81.72;0.0;0.0;690.6;1.15;15.25;0.0;16.325;10.919999999999998;14.28;9.2;13.46;1803.0;4.525;77.0;0.365;54.8;249.56;224.26;19.1;86.9;5.0;30;6;36;0.0
07/03/2023 13:50:01;0.01;0.9473873318910524;2.94;0.0;0.0;0.0;0.0;0.0;91.6;81.58;0.0;0.0;1816.6;5.016666666666667;24.6;0.184;9.18;51.56;58.35999999999999;14.14;21.24;1803.2;4.516666666666667;77.0;0.368;53.5;249.02000000000004;223.86000000000004;19.14;86.88;5.0;30;6;36;10.0
07/03/2023 13:50:11;0.01;0.999988896715596;2.225;0.0;0.0;0.0;0.0;0.0;91.45;81.46000000000001;0.0;0.0;1817.4;5.16;27.0;0.2933333333333333;5.5;82.12;84.4;13.3;20.62;1803.0;4.5200000000000005;77.0;0.364;52.2;249.52;224.02000000000004;18.84;86.82;5.0;30;6;36;20.0
07/03/2023 13:50:21;0.0;0.5704030054763003;1.4;0.0;0.0;0.0;0.0;0.0;91.3;81.31666666666666;0.0;0.0;1817.8;5.24;27.8;0.28;2.64;101.78333333333336;101.26666666666668;12.580000000000002;22.68;1802.8;4.540000000000001;77.0;0.38;54.8;249.71666666666667;223.8666666666667;19.24;86.74;5.0;30;6;36;30.0
07/03/2023 13:50:31;0.0;0.9750784139561284;1.75;0.0;0.0;0.0;0.0;0.0;91.225;81.15;0.0;0.0;1818.4;5.3;28.6;0.28;1.65;112.85;110.725;11.720000000000002;25.2;1803.2;4.5;77.0;0.372;57.075;249.725;223.925;19.22;86.7;5.0;30;6;36;40.0
07/03/2023 13:50:41;0.0;0.857317082937992;2.1;0.0;0.0;0.0;0.0;0.0;91.06666666666668;81.03333333333333;0.0;0.0;1818.1666666666667;5.319999999999999;29.5;0.27;0.0;120.31666666666668;115.41666666666669;11.65;27.433333333333337;1803.3333333333333;4.54;77.0;0.36;54.8;249.9166666666667;224.1;18.98333333333333;86.7;5.0;30;6;36;50.0
07/03/2023 13:50:51;0.02;0.9980467688602184;2.56;0.0;0.0;0.0;0.0;0.0;90.96666666666664;80.91666666666667;0.0;0.0;1809.25;5.38;30.2;0.2966666666666667;9.8;126.8;119.08333333333331;13.983333333333334;29.44;1804.4;4.525;77.0;0.356;44.6;248.9666666666667;223.13333333333333;16.4;86.7;5.0;30;6;36;60.0
07/03/2023 13:51:01;0.03;0.9802366619777096;1.6166666666666665;0.0;0.0;0.0;0.0;0.0;90.82;80.775;0.0;0.0;1805.8;5.4;31.2;0.3279999999999999;31.38000000000001;138.42000000000002;131.46;16.5;31.380000000000003;1806.8;4.58;77.0;0.292;26.12;236.9;212.9;13.525;86.7;5.0;30;6;36;70.0
07/03/2023 13:51:11;0.03;0.5309126971176695;1.2833333333333334;0.0;0.0;0.0;0.0;0.0;90.7;80.66000000000001;0.0;0.0;1806.1666666666667;5.400000000000001;32.166666666666664;0.3333333333333333;31.380000000000003;147.97500000000002;140.98000000000002;16.7;32.916666666666664;1806.1666666666667;4.55;77.0;0.3033333333333333;30.06;228.8;205.32;13.44;86.7;5.0;30;6;36;80.0
07/03/2023 13:51:21;0.01;0.6863262669894344;0.8250000000000001;0.0;0.0;0.0;0.0;0.0;90.54;80.5;0.0;0.0;1806.0;5.4;33.2;0.3359999999999999;32.68333333333334;155.45999999999998;148.25;16.28333333333333;34.43333333333333;1806.8;4.6;76.6;0.296;26.11666666666667;223.74;200.24;13.15;86.66000000000001;5.0;30;6;36;90.0
07/03/2023 13:51:31;0.0;0.9961489268974284;1.05;0.0;0.0;0.0;0.0;0.0;90.4;80.38000000000001;0.0;0.0;1806.3333333333333;5.4;34.2;0.328;28.74;160.38;152.98;16.279999999999998;35.78000000000001;1806.4;4.6;76.0;0.296;27.420000000000005;220.62;196.84;13.220000000000002;86.6;5.0;30;6;36;100.0
07/03/2023 13:51:41;0.03;0.9720771618477974;1.7000000000000002;0.0;0.0;0.0;0.0;0.0;90.32;80.26;0.0;0.0;1806.75;5.4;35.2;0.332;27.42;164.18;156.14;16.425;36.925;1806.6;4.6;76.0;0.292;26.1;218.26;194.86;13.175;86.5;5.0;30;6;36;110.0
07/03/2023 13:51:51;0.0;0.998853962232202;1.925;0.0;0.0;0.0;0.0;0.0;90.175;80.125;0.0;0.0;1806.8;5.4;36.4;0.33;29.4;167.55;158.8;16.16;38.06;1806.8;4.6;76.0;0.29;26.1;216.05;193.0;13.06;86.4;5.0;30;6;36;120.0
07/03/2023 13:52:01;0.0;0.8521686528701267;2.22;0.0;0.0;0.0;0.0;0.0;90.05999999999999;80.0;0.0;0.0;1806.75;5.4;37.5;0.328;27.440000000000005;170.07999999999998;160.76000000000002;15.4;39.225;1806.75;4.6;76.0;0.288;22.2;214.48;191.22;12.84;86.275;5.0;30;6;36;130.0
07/03/2023 13:52:11;0.01;0.9998798101046654;2.38;0.0;0.0;0.0;0.0;0.0;89.92;79.86;0.0;0.0;1806.0;5.4;38.4;0.308;18.3;170.2;160.94;14.425;40.260000000000005;1806.0;4.6;76.0;0.312;31.380000000000003;215.38;193.14;14.325;86.2;5.0;30;6;36;140.0
07/03/2023 13:52:21;0.0;0.9778563478690788;2.68;0.0;0.0;0.0;0.0;0.0;89.8;79.7;0.0;0.0;1806.0;5.4;39.4;0.3;18.3;168.54000000000002;160.6;14.3;41.46;1806.0;4.58;76.0;0.308;31.38000000000001;217.02000000000004;196.62;14.12;86.12;5.0;30;6;36;150.0
07/03/2023 13:52:31;0.0;0.8368757918909567;2.24;0.0;0.0;0.0;0.0;0.0;89.67999999999999;79.58;0.0;0.0;1806.0;5.4;40.4;0.3;19.6;167.95999999999998;160.96;14.183333333333332;42.52;1806.0;4.6;76.0;0.312;32.7;217.58;198.16;14.033333333333331;86.1;5.0;30;6;36;160.0
07/03/2023 13:52:41;0.01;0.9801271749521696;2.9;0.0;0.0;0.0;0.0;0.0;89.53999999999999;79.44000000000001;0.0;0.0;1806.0;5.4;41.6;0.296;18.3;167.83999999999995;161.7;14.4;43.66;1806.0;4.6;75.0;0.312;31.38000000000001;217.84;199.14;14.2;85.97999999999999;5.0;30;6;36;170.0
07/03/2023 13:52:51;0.05;0.7894591830605733;2.9714285714285715;0.0;0.0;0.0;0.0;0.0;89.44000000000001;79.34;0.0;0.0;1806.0;5.4;42.4;0.296;18.3;168.3;162.66;14.15;44.620000000000005;1806.0;4.6;75.0;0.316;31.380000000000003;217.94;199.8;14.4;85.9;5.0;30;6;36;180.0
07/03/2023 13:53:01;0.0;0.9999938786121296;3.716666666666667;0.0;0.0;0.0;0.0;0.0;89.28;79.16000000000001;0.0;0.0;1806.0;5.4;43.4;0.3;22.2;169.3;163.72;14.04;45.66;1805.6;4.6;75.0;0.296;28.76;217.04;199.575;13.74;85.9;5.0;30;6;36;190.0
07/03/2023 13:53:11;0.0;-0.2786279465568613;3.85;0.0;0.0;0.0;0.0;0.0;89.17999999999999;79.07499999999999;0.0;0.0;1805.0;5.4;44.4;0.316;26.12;174.04000000000002;166.225;15.72;46.74;1805.0;4.6;75.0;0.308;30.0;214.32;195.9;13.36;85.78;5.0;30;6;36;200.0
07/03/2023 13:53:21;0.02;0.3363283311904028;3.56;0.0;0.0;0.0;0.0;0.0;89.05999999999999;78.96666666666665;0.0;0.0;1805.0;5.4;45.4;0.324;28.7;178.76;169.75;15.76;47.7;1805.0;4.6;75.0;0.296;28.72;213.28000000000003;194.01666666666665;13.66;85.7;5.0;30;6;36;210.0
07/03/2023 13:53:31;0.06;0.8412749775382896;3.1;0.0;0.0;0.0;0.0;0.0;88.96;78.8;0.0;0.0;1805.2;5.4;46.4;0.316;32.68000000000001;181.86;172.04000000000002;15.550000000000002;48.8;1805.4;4.6;75.0;0.3;26.12;212.12;192.74;13.383333333333333;85.68333333333334;5.0;30;6;36;220.0
07/03/2023 13:53:41;0.0;0.5801953787767758;2.7;0.0;0.0;0.0;0.0;0.0;88.82;78.7;0.0;0.0;1804.8;5.4;47.2;0.32;34.0;184.18;173.625;15.3;49.75;1805.2;4.6;75.0;0.288;27.42;211.325;191.675;13.425;85.6;5.0;30;6;36;230.0
07/03/2023 13:53:51;0.0;0.9961343392481172;2.525;0.0;0.0;0.0;0.0;0.0;88.75;78.58;0.0;0.0;1805.2;5.4;48.25;0.32;31.0;186.125;174.92000000000002;15.72;50.74;1805.0;4.6;75.0;0.295;31.000000000000004;210.86;190.94;13.36;85.6;5.0;30;6;36;240.0
07/03/2023 13:54:01;0.02;0.9742127818877604;2.4166666666666665;0.0;0.0;0.0;0.0;0.0;88.55;78.47999999999999;0.0;0.0;1805.0;5.333333333333333;49.2;0.3166666666666667;28.3;187.28;175.99999999999997;15.04;51.760000000000005;1804.8;4.6000000000000005;75.0;0.3033333333333334;30.433333333333334;210.72;190.32;13.54;85.47999999999999;5.0;30;6;36;250.0
07/03/2023 13:54:11;0.01;0.9943725116431598;2.74;0.0;0.0;0.0;0.0;0.0;88.47999999999999;78.34;0.0;0.0;1804.6666666666667;5.316666666666666;50.2;0.296;23.5;184.95;175.31666666666663;14.033333333333331;52.7;1804.8333333333333;4.6;75.0;0.312;31.3;212.7333333333333;193.11666666666667;14.266666666666666;85.39999999999999;5.0;30;6;36;260.0
07/03/2023 13:54:21;0.08;0.8468877645838829;2.5;0.0;0.0;0.0;0.0;0.0;88.34;78.2;0.0;0.0;1804.5;5.3;51.2;0.288;26.1;183.24;175.3;14.28;53.7;1804.25;4.6;75.0;0.316;32.62;214.36;196.16;14.06;85.4;5.0;30;6;36;270.0
07/03/2023 13:54:31;0.1;0.9174655689361196;2.1500000000000004;0.0;0.0;0.0;0.0;0.0;88.22;78.05999999999999;0.0;0.0;1805.0;5.3;52.0;0.296;26.1;182.42;175.64;14.02;54.525000000000006;1804.8;4.6;75.0;0.304;31.32;214.48;197.84;14.325;85.34;5.0;30;6;36;280.0
07/03/2023 13:54:41;0.0;0.7347764918593778;2.2;0.0;0.0;0.0;0.0;0.0;88.12;77.95;0.0;0.0;1805.0;5.3;53.0;0.296;24.8;181.76000000000005;175.72500000000002;14.25;55.36;1804.4;4.6;75.0;0.316;33.940000000000005;214.2;198.15;14.14;85.2;5.0;30;6;36;290.0
07/03/2023 13:54:51;0.0699999999999999;0.7642652167030113;2.16;0.0;0.0;0.0;0.0;0.0;88.0;77.83333333333334;0.0;0.0;1804.5;5.3;54.0;0.304;24.8;181.94;176.35000000000002;14.15;56.28;1804.8333333333333;4.6;75.0;0.31;29.375;214.48;198.5;14.333333333333334;85.2;5.0;30;6;36;300.0
07/03/2023 13:55:01;0.03;0.9835662193081784;2.375;0.0;0.0;0.0;0.0;0.0;87.88000000000001;77.67999999999999;0.0;0.0;1805.0;5.275;54.8;0.3;24.8;181.94;177.3;13.919999999999998;57.1;1805.0;4.6;75.0;0.308;32.660000000000004;214.46;198.42;14.080000000000002;85.2;5.0;30;6;36;310.0
07/03/2023 13:55:11;0.05;0.9110821911893212;2.32;0.0;0.0;0.0;0.0;0.0;87.76;77.55999999999999;0.0;0.0;1804.75;5.22;55.6;0.296;26.1;181.84;178.04;14.12;57.94;1804.75;4.6;75.0;0.312;31.3;214.02;198.02;14.0;85.2;5.0;30;6;36;320.0
07/03/2023 13:55:21;0.09;0.8754886255366671;1.95;0.0;0.0;0.0;0.0;0.0;87.68;77.46;0.0;0.0;1804.5;5.216666666666667;56.5;0.2966666666666667;26.1;182.44;178.97999999999996;13.88;58.7;1804.8333333333333;4.6000000000000005;75.0;0.3066666666666667;30.0;214.22;198.32;14.4;85.16000000000001;5.0;30;6;36;330.0
07/03/2023 13:55:31;0.05;0.0961352974781574;1.975;0.0;0.0;0.0;0.0;0.0;87.53999999999999;77.32;0.0;0.0;1804.6;5.2;57.4;0.3;24.8;182.92;179.86;14.24;59.42;1804.8;4.6;75.0;0.315;33.92;214.36;198.64;14.1;85.1;5.0;30;6;36;340.0
07/03/2023 13:55:41;0.05;0.8411806109262411;2.4;0.0;0.0;0.0;0.0;0.0;87.4;77.22;0.0;0.0;1800.8;5.2;58.0;0.36;45.64;185.88;183.02;18.92;60.260000000000005;1806.6;4.6;75.0;0.268;13.04;210.54;195.3;11.02;85.1;5.0;30;6;36;350.0
07/03/2023 13:55:51;0.11;0.7930876424956412;2.4;0.0;0.0;0.0;0.0;0.0;87.3;77.05999999999999;0.0;0.0;1801.8;5.2;59.0;0.364;46.9;197.28;192.8;19.36;61.05999999999999;1624.4;4.55;74.0;0.584;3.92;198.58;184.575;6.44;85.1;5.0;30;6;36;360.0
07/03/2023 13:56:01;0.08;-0.6141933818385154;2.28;0.0;0.0;0.0;0.0;0.0;87.17999999999999;76.96;0.0;0.0;1801.8;5.2;59.833333333333336;0.376;52.16;204.56;198.8;19.18;61.8;292.4;1.55;74.0;1.828;0.0;171.64;164.12;0.0;84.75;5.0;30;6;36;370.0
08/03/2023 15:14:31;0.05;0.5980681871303265;1.2;0.0;0.0;0.0;0.0;0.0;17.580000000000002;14.1;0.0;0.0;1801.6;4.7;80.0;0.348;57.4;220.74;211.44;19.56;87.7;1546.8;3.72;46.6;0.184;7.88;63.14;57.02;15.12;43.21999999999999;5.0;30;6;36;0.0
08/03/2023 15:14:41;0.05;0.9877465184546942;1.3166666666666669;0.0;0.0;0.0;0.0;0.0;17.6;14.1;0.0;0.0;1803.5;4.7;80.0;0.3;40.48;219.44;210.3;15.4;87.7;1807.3333333333333;5.2;50.4;0.26;26.14;110.94;98.18;15.080000000000002;38.24;5.0;30;6;36;10.0
08/03/2023 15:14:51;0.04;-0.3213292828038574;1.0666666666666669;0.0;0.0;0.0;0.0;0.0;17.6;14.1;0.0;0.0;1806.4;4.7;80.0;0.2633333333333333;27.42;207.7;200.3;13.4;87.7;1806.2;5.2;51.0;0.2966666666666667;37.9;145.2;129.16000000000005;16.64;39.74;5.0;30;6;36;20.0
09/03/2023 22:05:13;0.02;0.9721549250785688;5.0;0.0;0.0;0.0;0.0;0.0;15.6;11.1;0.0;0.0;1066.6;3.04;45.0;0.056;19.4;50.12;53.1;5.659999999999999;44.48;1803.6;4.5;80.6;0.376;53.5;220.3;209.06;18.5;88.92;5.0;30;6;36;0.0
09/03/2023 22:05:23;0.0;0.1941487459941146;4.95;0.0;0.0;0.0;0.0;0.0;15.62;11.1;0.0;0.0;1809.25;5.3;61.4;0.248;24.860000000000003;94.58;99.36;13.96;49.56;1806.75;4.5;80.0;0.368;37.86;219.12;207.42;14.66;88.97999999999999;5.0;30;6;36;10.0
09/03/2023 22:05:33;0.0;0.2499012148141626;5.566666666666666;0.0;0.0;0.0;0.0;0.0;15.6;11.1;0.0;0.0;1807.0;5.279999999999999;62.0;0.292;33.980000000000004;133.66000000000005;131.875;16.025;49.75;1806.6;4.5;80.8;0.308;22.2;208.14;196.4;12.625;89.175;5.0;30;6;36;20.0
09/03/2023 22:05:43;0.0;0.0569458663426651;5.133333333333334;0.0;0.0;0.0;0.0;0.0;15.62;11.1;0.0;0.0;1806.3333333333333;5.2;62.8;0.288;39.220000000000006;157.5;154.29999999999998;15.82;53.120000000000005;1806.3333333333333;4.5;81.0;0.316;22.2;201.48;187.9;13.0;89.3;5.0;30;6;36;30.0
09/03/2023 22:05:53;0.0;0.0513773167408194;4.216666666666667;0.0;0.0;0.0;0.0;0.0;15.62;11.1;0.0;0.0;1806.75;5.2;63.0;0.3;40.5;172.79999999999998;169.56;15.98;55.825;1806.75;4.5;81.4;0.316;24.82;197.66;182.5;12.739999999999998;89.4;5.0;30;6;36;40.0
09/03/2023 22:06:03;0.0;0.9915847706675532;5.08;0.0;0.0;0.0;0.0;0.0;15.6;11.1;0.0;0.0;1806.8333333333333;5.2;64.0;0.288;40.52;182.68;177.56;15.62;58.16666666666666;1806.8333333333333;4.5;82.0;0.316;22.2;194.84;179.6;12.38;89.40000000000002;5.0;30;6;36;50.0
09/03/2023 22:06:13;0.0;-0.1310452936195724;6.0200000000000005;0.0;0.0;0.0;0.0;0.0;15.6;11.1;0.0;0.0;1806.4;5.2;64.6;0.2866666666666667;39.21666666666667;188.68;183.06;15.279999999999998;60.06;1806.4;4.5;82.0;0.32;24.82;192.92;177.39999999999998;13.1;89.47999999999999;5.0;30;6;36;60.0
09/03/2023 22:06:23;0.0;0.9731320094733622;4.983333333333333;0.0;0.0;0.0;0.0;0.0;15.6;11.1;0.0;0.0;1805.0;5.175000000000001;65.0;0.285;35.95;190.66000000000005;186.46;15.12;61.7;1805.0;4.5;82.0;0.315;28.74;192.8;178.32;13.179999999999998;89.5;5.0;30;6;36;70.0
09/03/2023 22:06:33;0.0;0.954344655306965;6.216666666666668;0.0;0.0;0.0;0.0;0.0;15.639999999999995;11.1;0.0;0.0;1805.5;5.12;66.0;0.292;37.9;193.68;190.1;15.18;63.0;1805.0;4.5;82.0;0.308;27.42;191.74;177.66000000000005;13.3;89.5;5.0;30;6;36;80.0
09/03/2023 22:06:43;0.0;0.9198100843084774;5.499999999999999;0.0;0.0;0.0;0.0;0.0;15.62;11.1;0.0;0.0;1805.0;5.1;66.8;0.288;36.58;196.08;192.94;15.3;64.12;1805.2;4.5;82.0;0.308;27.420000000000005;190.74;176.42000000000002;13.28;89.43999999999998;5.0;30;6;36;90.0
09/03/2023 22:06:53;0.0;0.7933108387927343;6.216666666666666;0.0;0.0;0.0;0.0;0.0;15.6;11.1;0.0;0.0;1805.2;5.1000000000000005;67.5;0.296;37.9;198.7;195.18;15.64;65.28333333333333;1805.1666666666667;4.5;82.0;0.312;24.8;190.1;175.68;13.04;89.40000000000002;5.0;30;6;36;100.0
09/03/2023 22:07:03;0.0;0.9179525555196854;5.5;0.0;0.0;0.0;0.0;0.0;15.6;11.1;0.0;0.0;1805.0;5.1;68.2;0.29;39.2;201.06;197.22;15.28;66.46;1805.4;4.5;82.0;0.315;26.1;189.48;174.92000000000002;12.94;89.4;5.0;30;6;36;110.0
09/03/2023 22:07:13;0.0;-0.0535758910006422;5.571428571428571;0.0;0.0;0.0;0.0;0.0;15.66;11.1;0.0;0.0;1805.5;5.1;69.0;0.295;39.2;201.86;198.72;15.2;67.47999999999999;1805.5;4.5;82.0;0.304;26.12;188.68;173.88;13.24;89.4;5.0;30;6;36;120.0
09/03/2023 22:07:23;0.0;0.163842507805506;4.28;0.0;0.0;0.0;0.0;0.0;15.64;11.1;0.0;0.0;1803.0;5.06;69.8;0.308;47.0;203.92;201.08;18.22;68.44;1807.4;4.5;82.0;0.3;14.360000000000005;186.86;172.34;11.28;89.40000000000002;5.0;30;6;36;130.0
09/03/2023 22:07:33;0.0;-0.2457746720125111;3.633333333333333;0.0;0.0;0.0;0.0;0.0;15.7;11.1;0.0;0.0;1803.0;5.0;70.5;0.3333333333333333;57.4;212.8;209.24;19.14;69.22;1806.6;4.5;82.0;0.268;9.14;180.1;167.68;10.06;89.4;5.0;30;6;36;140.0
09/03/2023 22:07:43;0.0;0.447290848418711;5.400000000000001;0.0;0.0;0.0;0.0;0.0;15.65;11.1;0.0;0.0;1803.0;5.0;71.5;0.34;54.8;220.22;214.025;19.16;70.05;1807.0;4.5;82.0;0.276;9.14;175.1;164.2;9.95;89.4;5.0;30;6;36;150.0
09/03/2023 22:07:53;0.0;0.7889768598239173;5.033333333333334;0.0;0.0;0.0;0.0;0.0;15.639999999999995;11.1;0.0;0.0;1803.1666666666667;5.0;72.5;0.348;54.8;225.14;218.32;19.26;71.13333333333333;1806.8333333333333;4.5;82.0;0.272;7.840000000000001;172.66;161.78;10.04;89.33333333333336;5.0;30;6;36;160.0
09/03/2023 22:08:03;0.0;-0.620901545069126;5.566666666666666;0.0;0.0;0.0;0.0;0.0;15.666666666666666;11.1;0.0;0.0;1803.2;5.0;73.4;0.3366666666666666;55.45;228.66666666666663;220.3666666666667;18.816666666666663;72.175;1806.4;4.5;82.0;0.2766666666666666;8.716666666666667;170.75;160.28333333333333;9.933333333333332;89.2;5.0;30;6;36;170.0
09/03/2023 22:08:13;0.0;0.9920708913205254;6.659999999999999;0.0;0.0;0.0;0.0;0.0;15.65;11.1;0.0;0.0;1803.0;5.0;74.25;0.345;57.075;230.875;221.4;19.275;73.2;1806.8;4.5;82.0;0.275;9.8;169.2;159.45;10.175;89.2;5.0;30;6;36;180.0
09/03/2023 22:08:23;0.0;0.8934703264412985;4.942857142857143;0.0;0.0;0.0;0.0;0.0;15.7;11.1;0.0;0.0;1803.0;5.0;75.2;0.344;54.8;232.5;222.88;19.12;74.2;1807.0;4.5;82.0;0.272;7.840000000000001;168.3;158.78;9.919999999999998;89.2;5.0;30;6;36;190.0
09/03/2023 22:08:33;0.0;0.5422851283461018;5.05;0.0;0.0;0.0;0.0;0.0;15.7;11.1;0.0;0.0;1803.2;5.0;76.2;0.372;56.1;233.42;223.74;18.68;75.12;1806.8;4.5;81.0;0.272;7.859999999999999;167.56;158.18;10.239999999999998;89.05999999999999;5.0;30;6;36;200.0
09/03/2023 22:08:43;0.0;0.990113625297978;4.3500000000000005;0.0;0.0;0.0;0.0;0.0;15.7;11.1;0.0;0.0;1803.0;4.94;77.0;0.372;53.5;232.76;222.7;19.225;76.03999999999999;1806.8;4.5;81.0;0.26;7.82;167.34;157.975;10.25;89.0;5.0;30;6;36;210.0
09/03/2023 22:08:53;0.0;0.9435796120672504;4.65;0.0;0.0;0.0;0.0;0.0;15.7;11.1;0.0;0.0;1803.2;4.9;78.0;0.368;54.8;232.6;222.7;18.880000000000003;76.96000000000001;1806.8;4.5;81.0;0.26;6.5200000000000005;167.5;157.84;10.16;89.0;5.0;30;6;36;220.0
09/03/2023 22:09:03;0.0;0.7453596564674311;4.800000000000001;0.0;0.0;0.0;0.0;0.0;15.7;11.14;0.0;0.0;1803.4;4.9;79.0;0.372;53.825;232.28000000000003;222.54;19.06;77.82000000000001;1806.8;4.5;81.0;0.268;9.825;167.48;157.86;10.36;89.0;5.0;30;6;36;230.0
09/03/2023 22:09:13;0.0;-0.6558394651192208;4.833333333333333;0.0;0.0;0.0;0.0;0.0;15.679999999999998;11.1;0.0;0.0;1803.6;4.9;79.5;0.37;52.2;230.54;221.04;18.22;78.67999999999999;1806.6;4.5;81.0;0.265;9.16;167.56;157.95999999999998;10.28;89.0;5.0;30;6;36;240.0
09/03/2023 22:09:23;0.02;0.9792169113641688;4.833333333333334;0.0;0.0;0.0;0.0;0.0;15.7;11.1;0.0;0.0;1803.75;4.9;80.2;0.368;50.9;228.68;219.23999999999995;17.82;79.4;1806.75;4.5;81.0;0.26;11.78;167.8;158.07999999999998;10.14;89.0;5.0;30;6;36;250.0
09/03/2023 22:09:33;0.0;0.7099395848628237;4.533333333333333;0.0;0.0;0.0;0.0;0.0;15.7;11.1;0.0;0.0;1803.5;4.9;80.75;0.37;49.6;226.96000000000004;217.84;18.12;79.83333333333333;1807.0;4.5;81.0;0.26;9.8;168.26;158.3;10.18;89.0;5.0;30;6;36;260.0
09/03/2023 22:09:43;0.0;0.8357434740049864;3.74;0.0;0.0;0.0;0.0;0.0;15.7;11.14;0.0;0.0;1803.5;4.9;79.2;0.372;52.2;225.08;216.18;18.14;79.55;1806.75;4.5;81.0;0.256;9.14;168.8;158.74;10.175;88.92500000000001;5.0;30;6;36;270.0
09/03/2023 22:09:53;0.0;0.4063114156754173;4.133333333333333;0.0;0.0;0.0;0.0;0.0;15.7;11.125;0.0;0.0;1803.8;4.9;76.8;0.37;50.575;223.95;215.525;18.425;79.44000000000001;1806.6;4.5;81.0;0.255;8.15;169.7;159.5;10.06;88.9;5.0;30;6;36;280.0
09/03/2023 22:10:03;0.0;0.3599037599815267;4.44;0.0;0.0;0.0;0.0;0.0;15.7;11.1;0.0;0.0;1804.0;4.88;76.0;0.368;49.6;222.84;214.8;18.12;79.84;1806.6;4.5;81.0;0.264;9.14;170.84;160.2;10.26;88.84;5.0;30;6;36;290.0
09/03/2023 22:10:13;0.0;0.9999991047633832;4.933333333333334;0.0;0.0;0.0;0.0;0.0;15.679999999999998;11.15;0.0;0.0;1803.75;4.8500000000000005;76.8;0.376;52.2;221.54;213.775;18.15;80.32499999999999;1806.5;4.5;80.8;0.256;9.16;172.32;161.425;10.475;88.575;5.0;30;6;36;300.0
09/03/2023 22:10:23;0.0;0.7218004941344883;4.42;0.0;0.0;0.0;0.0;0.0;15.7;11.2;0.0;0.0;1803.4;4.8;78.0;0.37;50.575;220.725;213.26;18.58;80.82;1807.2;4.5;79.8;0.255;8.175;172.52499999999998;161.98;10.24;88.36;5.0;30;6;36;310.0
09/03/2023 22:10:33;0.01;0.984554150434194;4.466666666666666;0.0;0.0;0.0;0.0;0.0;15.7;11.179999999999998;0.0;0.0;1803.75;4.8;79.0;0.372;50.9;219.88;212.58;17.95;81.27499999999999;1806.5;4.5;79.0;0.256;5.2;171.95999999999998;161.73999999999998;9.725;88.325;5.0;30;6;36;320.0
09/03/2023 22:10:43;0.0;0.9111876832977952;5.966666666666666;0.0;0.0;0.0;0.0;0.0;15.7;11.175;0.0;0.0;1803.4;4.8;79.0;0.376;52.2;218.6;211.3;17.9;81.56;1806.4;4.5;79.6;0.256;8.733333333333333;171.45;161.25;10.32;88.4;5.0;30;6;36;330.0
09/03/2023 22:10:53;0.0;0.9701195391540992;5.94;0.0;0.0;0.0;0.0;0.0;15.7;11.179999999999998;0.0;0.0;1803.8;4.8;79.0;0.38;48.95;217.84;210.76;18.24;81.8;1807.2;4.5;80.0;0.26;10.46;171.2;161.0;10.34;88.47999999999999;5.0;30;6;36;340.0
09/03/2023 22:11:03;0.02;0.809534504896049;5.279999999999999;0.0;0.0;0.0;0.0;0.0;15.7;11.2;0.0;0.0;1804.2;4.8;78.8;0.372;49.6;216.88;209.96;17.52;81.9;1806.6;4.5;81.0;0.252;7.840000000000001;170.9;160.88;10.34;88.52000000000001;5.0;30;6;36;350.0
09/03/2023 22:11:13;0.0;0.9351069390747118;4.8500000000000005;0.0;0.0;0.0;0.0;0.0;15.72;11.16;0.0;0.0;1804.0;4.8;78.0;0.38;48.3;215.28;208.2;17.44;82.025;1806.75;4.5;81.0;0.252;9.14;170.78000000000003;160.86;10.04;88.7;5.0;30;6;36;360.0
09/03/2023 22:11:23;0.0;0.7856193834722366;4.116666666666666;0.0;0.0;0.0;0.0;0.0;15.7;11.2;0.0;0.0;1804.0;4.8;78.0;0.38;49.6;214.25;207.225;17.849999999999998;82.17999999999999;1806.8;4.5;81.2;0.252;11.45;170.875;160.9;10.55;88.8;5.0;30;6;36;370.0
09/03/2023 22:11:33;0.0;0.9811548075225938;4.18;0.0;0.0;0.0;0.0;0.0;15.7;11.199999999999998;0.0;0.0;1804.0;4.8;78.0;0.376;48.3;213.65;206.9333333333333;17.8;82.32000000000001;1806.8;4.5;82.0;0.252;9.816666666666666;170.73333333333332;161.10000000000002;10.08;88.9;5.0;30;6;36;380.0
09/03/2023 22:11:43;0.0;0.88343873810983;5.066666666666667;0.0;0.0;0.0;0.0;0.0;15.7;11.2;0.0;0.0;1803.8;4.8;78.0;0.38;49.6;212.6;205.95;17.759999999999998;82.42;1806.4;4.5;82.0;0.252;10.46;170.72500000000002;161.2;10.36;88.96000000000001;5.0;30;6;36;390.0
09/03/2023 22:11:53;0.0;0.6409936357767168;4.880000000000001;0.0;0.0;0.0;0.0;0.0;15.7;11.2;0.0;0.0;1804.0;4.8;78.0;0.376;48.3;212.2;205.54;17.419999999999998;82.6;1807.0;4.5;82.0;0.256;9.16;170.94;161.16;10.28;89.0;5.0;30;6;36;400.0
09/03/2023 22:12:03;0.0;0.1005064235486992;4.800000000000001;0.0;0.0;0.0;0.0;0.0;15.7;11.16;0.0;0.0;1804.0;4.8;78.0;0.365;50.575;211.5;204.82;17.56;82.76;1807.0;4.5;82.0;0.255;8.15;171.0;161.07999999999998;9.98;89.0;5.0;30;6;36;410.0
09/03/2023 22:12:13;0.0;-0.158236849023026;3.766666666666666;0.0;0.0;0.0;0.0;0.0;15.74;11.14;0.0;0.0;1803.8;4.8;78.0;0.384;48.3;210.52;203.84;17.72;82.85999999999999;1807.0;4.5;82.0;0.256;10.46;171.14;160.94;10.260000000000002;89.0;5.0;30;6;36;420.0
09/03/2023 22:12:23;0.0;0.8191186735783235;3.82;0.0;0.0;0.0;0.0;0.0;15.72;11.2;0.0;0.0;1803.8;4.8;78.0;0.38;49.6;210.18;203.48;18.32;83.02000000000001;1807.0;4.5;82.0;0.252;7.840000000000001;171.14;160.9;8.26;89.0;5.0;30;6;36;430.0
09/03/2023 22:12:33;0.03;-0.0049741678558586;5.55;0.0;0.0;0.0;0.0;0.0;15.7;11.2;0.0;0.0;1803.6;4.8;78.0;0.37;48.95000000000001;210.02;203.34;17.979999999999997;83.11999999999999;810.3333333333334;2.65;82.0;1.88;0.0;155.66;148.88;0.0;88.84;5.0;30;6;36;440.0
10/03/2023 13:45:42;0.04;0.1822355254921474;1.4999999999999998;0.0;0.0;0.0;0.0;0.0;146.26;140.36;0.0;0.0;1802.6;4.8;78.0;0.256;61.3;201.44;190.42;19.02;83.28;1807.1666666666667;4.5;81.0;0.264;6.5200000000000005;174.26;163.95999999999998;10.76;88.9;5.0;30;6;36;0.0
10/03/2023 13:45:52;0.01;0.9937126751581752;1.75;0.0;0.0;0.0;0.0;0.0;148.18;142.18;0.0;0.0;1802.5;4.8;78.0;0.344;57.4;204.92;194.04;20.860000000000003;83.35999999999999;1806.8;4.5;81.6;0.256;7.840000000000001;174.21999999999997;164.0;9.76;88.94000000000001;5.0;30;6;36;10.0
10/03/2023 13:46:02;0.03;0.9982274838584528;1.64;0.0;0.0;0.0;0.0;0.0;149.12;143.1;0.0;0.0;1802.25;4.8;78.0;0.412;63.9;212.98;202.54;21.0;83.5;1807.5;4.5;82.0;0.264;9.16;174.4;164.0;10.74;89.0;5.0;30;6;36;20.0
10/03/2023 13:46:12;0.0;0.7342040251721704;1.5;0.0;0.0;0.0;0.0;0.0;149.72;143.74;0.0;0.0;1802.4;4.8;78.8;0.412;66.5;219.62;209.2;20.32;83.67999999999999;1806.8;4.5;82.0;0.26;5.2;174.48;164.21999999999997;9.78;89.0;5.0;30;6;36;30.0
10/03/2023 13:46:22;0.02;0.8311139026405723;1.2333333333333334;0.0;0.0;0.0;0.0;0.0;150.22;144.28000000000003;0.0;0.0;1802.0;4.8;79.0;0.412;61.3;222.96;212.46;20.62;83.85999999999999;1807.0;4.5;82.0;0.256;9.16;174.66;164.4;9.78;89.0;5.0;30;6;36;40.0
10/03/2023 13:46:32;0.0;0.9345775371771824;1.1333333333333335;0.0;0.0;0.0;0.0;0.0;150.74;144.73999999999998;0.0;0.0;1802.0;4.8;79.0;0.4033333333333333;65.2;224.76;214.28000000000003;21.140000000000004;84.025;1806.6666666666667;4.5;81.83333333333333;0.2633333333333333;11.78;174.9;164.66;10.38;88.94000000000001;5.0;30;6;36;50.0
10/03/2023 13:46:42;0.03;0.723670164508303;0.9666666666666665;0.0;0.0;0.0;0.0;0.0;151.18333333333334;145.11666666666667;0.0;0.0;1802.0;4.8;79.0;0.428;63.9;228.0;217.31666666666663;21.05;84.18;1806.6;4.5;81.0;0.256;6.533333333333334;175.33333333333334;165.20000000000002;10.08;88.67999999999999;5.0;30;6;36;60.0
10/03/2023 13:46:52;0.02;0.9299843845417782;0.75;0.0;0.0;0.0;0.0;0.0;151.66;145.54000000000002;0.0;0.0;1801.8;4.8;79.0;0.38;66.48;229.5;218.75;21.200000000000003;84.38;1806.4;4.5;80.2;0.264;11.78;175.3;165.06666666666666;9.86;88.43999999999998;5.0;30;6;36;70.0
10/03/2023 13:47:02;0.0;0.453783140815286;0.6;0.0;0.0;0.0;0.0;0.0;152.07999999999998;145.86;0.0;0.0;1801.8;4.8;79.0;0.44;67.8;231.38;220.3833333333333;21.8;84.61999999999999;1807.0;4.5;79.0;0.252;11.760000000000002;174.66000000000005;164.46666666666667;10.566666666666665;88.4;5.0;30;6;36;80.0
10/03/2023 13:47:12;0.0699999999999999;-0.0576884861673529;1.0;0.0;0.0;0.0;0.0;0.0;152.52000000000004;146.16;0.0;0.0;1801.3333333333333;4.8;79.33333333333333;0.432;71.7;236.18;224.84;21.82;84.80000000000001;1292.8333333333333;3.6833333333333336;79.5;1.552;0.0;166.64;158.38000000000002;2.16;88.40000000000002;5.0;30;6;36;90.0
10/03/2023 13:47:22;0.02;0.3738243103532663;0.9999999999999998;0.0;0.0;0.0;0.0;0.0;152.9;146.48333333333332;0.0;0.0;1801.8;4.8;80.0;0.448;66.5;239.1833333333333;227.58;22.26;85.03999999999999;78.6;0.38;48.0;1.092;0.0;148.78333333333333;143.66;0.0;52.88;5.0;30;6;36;100.0
11/03/2023 06:56:03;0.0;0.2694521075196073;0.5;0.0;0.0;0.0;0.0;0.0;27.18;25.840000000000003;0.0;0.0;1803.2;4.7;79.0;0.296;57.4;216.76;210.62;19.2;86.7;1183.2;2.9599999999999995;37.4;0.14;25.58;44.62;41.040000000000006;8.98;27.24;5.0;30;6;36;0.0
11/03/2023 06:56:13;0.0;-0.1026478620402073;0.3666666666666667;0.0;0.0;0.0;0.0;0.0;27.18;25.8;0.0;0.0;1803.2;4.7;79.0;0.276;53.5;216.8;210.55;18.98;86.7;1811.6;5.2;51.8;0.212;13.1;98.7;88.78333333333335;11.239999999999998;40.78;5.0;30;6;36;10.0
11/03/2023 18:58:53;0.0;-0.5998385195166133;4.066666666666666;0.0;0.0;33.2;0.72;0.0;154.7;132.2;0.0;29.416666666666668;1801.6;4.8;77.6;0.244;58.7;235.52;220.56;19.45;81.41666666666667;1805.2;4.6;75.0;0.244;11.78;174.98;166.34;9.75;84.6;5.0;30;6;36;0.0
11/03/2023 18:59:03;0.02;-0.339859812667829;5.08;0.0;0.0;0.0;0.0;0.0;158.44;135.325;0.0;0.0;1801.6;4.8;78.0;0.2279999999999999;57.4;234.7;218.775;20.175;81.7;1805.4;4.6;75.0;0.248;6.5200000000000005;174.76;166.05;11.275;84.6;5.0;30;6;36;10.0
11/03/2023 18:59:13;0.0;0.5641746911485603;4.9;0.0;0.0;0.0;0.0;0.0;160.95999999999998;136.8166666666667;0.0;0.0;1801.0;4.8;78.0;0.24;62.580000000000005;234.52000000000004;217.8333333333333;19.68;81.92;1805.0;4.6;75.0;0.244;3.9;174.6;165.9;9.6;84.6;5.0;30;6;36;20.0
11/03/2023 18:59:23;0.0;0.3069690616952636;5.2;0.0;0.0;0.0;0.0;0.0;162.32;137.84;0.0;0.0;1801.8;4.8;78.0;0.2279999999999999;58.68000000000001;233.94;216.54;19.85;82.21666666666667;1805.2;4.6;75.0;0.244;6.5200000000000005;174.4;166.0;10.28;84.6;5.0;30;6;36;30.0
11/03/2023 18:59:33;0.0;0.0080284283103969;3.94;0.0;0.0;0.0;0.0;0.0;163.52;138.72;0.0;0.0;1801.6;4.8;78.0;0.236;58.7;232.66;214.72000000000003;19.9;82.375;1805.0;4.6;75.0;0.244;6.5200000000000005;174.22;166.14;9.82;84.6;5.0;30;6;36;40.0
11/03/2023 18:59:43;0.0;-0.3152349816477696;4.319999999999999;0.0;0.0;0.0;0.0;0.0;164.6;139.425;0.0;0.0;1801.6;4.8;78.0;0.2319999999999999;58.7;232.1;214.175;19.4;82.6;1805.2;4.6;75.0;0.244;9.14;174.05;166.1;9.975;84.6;5.0;30;6;36;50.0
11/03/2023 18:59:53;0.0;0.7411757347614496;5.016666666666667;0.0;0.0;0.0;0.0;0.0;165.575;140.12;0.0;0.0;1801.8;4.8;78.0;0.2279999999999999;58.66;231.95;213.88;19.660000000000004;82.82000000000001;1455.6;4.180000000000001;75.0;1.2360000000000002;1.3;169.82000000000002;162.68;4.4;84.6;5.0;30;6;36;60.0
11/03/2023 19:00:03;0.0;-0.3931625882885455;6.220000000000001;0.0;0.0;0.0;0.0;0.0;166.51999999999998;140.85;0.0;0.0;1801.3333333333333;4.8;78.0;0.236;58.66;231.42;213.3;19.666666666666668;82.95;182.8333333333333;0.7799999999999999;60.0;1.456;0.0;148.74999999999997;144.68;0.0;70.26666666666667;5.0;30;6;36;70.0
28/02/2023 18:04:46;0.0;-0.9723835000528516;0.6499999999999999;0.0;0.0;0.0;0.0;0.0;167.38333333333333;157.78;0.0;0.0;1800.0;5.3;54.8;0.368;56.43333333333334;211.4833333333333;201.04;20.18;56.68000000000001;1805.2;4.6;76.0;0.144;8.716666666666667;160.73333333333332;169.01999999999998;10.4;85.4;5.0;30;6;36;0.0
28/02/2023 18:04:56;0.0;-0.6697140645032319;0.6666666666666666;0.0;0.0;0.0;0.0;0.0;170.28;160.06666666666663;0.0;0.0;1800.0;5.3;56.0;0.36;52.1;215.02;204.0833333333333;19.46;57.6;1805.0;4.6;76.0;0.148;7.82;160.45999999999998;168.66666666666666;10.04;85.4;5.0;30;6;36;10.0
28/02/2023 18:05:06;0.0;0.8919215835317645;0.6333333333333333;0.0;0.0;0.0;0.0;0.0;171.57999999999998;161.125;0.0;0.0;1799.2;5.3;56.8;0.36;52.1;217.0;206.05;19.2;58.56;1805.0;4.6;76.0;0.144;7.840000000000001;160.125;168.67499999999998;10.06;85.36;5.0;30;6;36;20.0
28/02/2023 18:05:16;0.02;0.8434383308376063;0.75;0.0;0.0;0.0;0.0;0.0;172.56;162.02;0.0;0.0;1799.4;5.2;58.0;0.356;50.8;219.35;208.12000000000003;19.22;59.48;1805.4;4.6;76.0;0.152;10.46;160.25;168.22;10.34;85.22;5.0;30;6;36;30.0
28/02/2023 18:05:26;0.01;-0.7057803151233304;0.7999999999999999;0.0;0.0;0.0;0.0;0.0;173.33999999999995;162.83333333333334;0.0;0.0;1800.0;5.2;59.0;0.34;52.1;218.9;208.0;18.44;60.36;1804.8;4.6;76.0;0.148;7.82;160.24;167.78000000000003;10.26;85.2;5.0;30;6;36;40.0
28/02/2023 18:05:36;0.0;-0.9528417303592078;0.8;0.0;0.0;0.0;0.0;0.0;174.1;163.54000000000002;0.0;0.0;1799.8;5.2;60.0;0.356;52.1;218.56;208.04;18.633333333333336;61.3;1804.6;4.6;76.0;0.144;9.16;160.07999999999998;167.46666666666667;10.133333333333333;85.2;5.0;30;6;36;50.0
28/02/2023 18:05:46;0.0;0.8639234171928353;0.75;0.0;0.0;0.0;0.0;0.0;174.82;164.14;0.0;0.0;1800.4;5.2;60.8;0.344;49.5;218.28;208.08;18.36;62.15;1804.8;4.6;76.0;0.148;10.46;159.82;167.3;10.025;85.2;5.0;30;6;36;60.0
28/02/2023 18:05:56;0.0;-0.951397514919173;0.8;0.0;0.0;0.0;0.0;0.0;175.59999999999997;164.7;0.0;0.0;1800.4;5.2;61.8;0.36;50.8;216.9;206.58;18.9;62.9;1805.0;4.6;76.0;0.148;6.5200000000000005;159.6;167.22;10.133333333333333;85.2;5.0;30;6;36;70.0
28/02/2023 18:06:06;0.0;-0.721961533847297;0.7;0.0;0.0;0.0;0.0;0.0;176.26000000000002;165.2;0.0;0.0;1800.2;5.2;62.6;0.364;52.1;216.46;206.3;19.44;63.833333333333336;1804.8;4.6;76.0;0.148;6.5200000000000005;159.52;167.04000000000002;10.48;85.2;5.0;30;6;36;80.0
28/02/2023 18:06:16;0.0;-0.0832140454496036;0.6;0.0;0.0;0.0;0.0;0.0;176.9333333333333;165.7;0.0;0.0;1801.1666666666667;5.2;63.5;0.36;51.01666666666667;217.03333333333333;207.28333333333333;18.883333333333336;64.66;1244.0;3.35;76.0;1.62;0.0;147.66666666666666;155.56666666666663;0.0;85.16666666666667;5.0;30;6;36;90.0
28/02/2023 18:06:26;0.0;-0.7482228196171798;0.7;0.0;0.0;0.0;0.0;0.0;177.52000000000004;166.14;0.0;0.0;1800.0;5.2;64.5;0.36;45.6;217.0;207.44;18.14;65.38333333333334;36.333333333333336;0.3;25.33333333333333;0.744;0.0;137.175;142.61999999999998;0.0;42.43333333333334;5.0;30;6;36;100.0
03/03/2023 17:07:19;0.02;-0.15348025516695;7.033333333333334;0.0;0.0;0.0;0.0;0.0;147.18;136.01999999999998;0.0;0.0;1805.6;4.8;78.0;0.356;52.260000000000005;215.5;203.98;18.18;83.82000000000001;1808.2;4.5;82.0;0.16;6.5200000000000005;157.66000000000005;164.2;10.28;89.16000000000001;5.0;30;6;36;0.0
03/03/2023 17:07:29;0.07;-0.5303209524673083;8.166666666666666;0.0;0.0;0.0;0.0;0.0;149.83333333333334;138.36;0.0;0.0;1805.6;4.8;78.0;0.35;53.35;214.55000000000004;202.64;18.380000000000003;83.9;1808.25;4.5200000000000005;82.0;0.15;7.616666666666667;157.6;164.2;10.22;89.0;5.0;30;6;36;10.0
03/03/2023 17:07:39;0.09;-0.9597399518780768;8.083333333333334;0.0;0.0;0.0;0.0;0.0;151.2;139.54;0.0;0.0;1804.8;4.8;78.0;0.36;58.75;215.1;203.18;19.24;84.08;1808.2;4.540000000000001;81.0;0.15;8.15;157.6;164.14;10.28;89.0;5.0;30;6;36;20.0
03/03/2023 17:07:49;0.06;-0.6949416974023992;8.35;0.0;0.0;0.0;0.0;0.0;151.86;140.26000000000002;0.0;0.0;1805.5;4.8;78.8;0.352;52.24;216.2;204.72;18.56;84.16;1808.0;4.55;81.0;0.152;7.82;157.62;164.11999999999998;10.52;89.0;5.0;30;6;36;30.0
03/03/2023 17:07:59;0.1;-0.9659408821360848;8.016666666666666;0.0;0.0;0.0;0.0;0.0;152.48000000000002;140.82;0.0;0.0;1805.5;4.8;79.0;0.345;50.650000000000006;215.32;203.26;18.32;84.24000000000001;1808.1666666666667;4.54;81.0;0.148;9.8;157.52;164.34;10.44;89.0;5.0;30;6;36;40.0
03/03/2023 17:08:09;0.1;-0.9352691196312116;9.5;0.0;0.0;0.0;0.0;0.0;153.06;141.32;0.0;0.0;1805.0;4.8;78.8;0.364;53.54;215.08;202.88;18.9;84.325;1808.0;4.54;81.0;0.148;10.48;157.68;164.45999999999998;10.15;89.0;5.0;30;6;36;50.0
03/03/2023 17:08:19;0.05;-0.6985193713321363;10.133333333333333;0.0;0.0;0.0;0.0;0.0;153.6;141.78;0.0;0.0;1805.5;4.8;78.0;0.352;49.64;214.98;202.88;17.46;84.32000000000001;1808.0;4.5;81.0;0.144;10.46;158.1;164.86;10.18;88.92;5.0;30;6;36;60.0
03/03/2023 17:08:29;0.06;-0.9684093068110036;10.75;0.0;0.0;0.0;0.0;0.0;154.04999999999998;142.125;0.0;0.0;1806.0;4.8;78.0;0.348;48.34;213.8;201.125;17.14;84.4;1808.0;4.56;81.0;0.148;11.78;158.92499999999998;165.475;10.26;88.8;5.0;30;6;36;70.0
03/03/2023 17:08:39;0.05;-0.2726161078876723;11.18;0.0;0.0;0.0;0.0;0.0;154.54000000000002;142.5;0.0;0.0;1805.2;4.8;78.0;0.355;55.525000000000006;213.76;200.86;18.54;84.4;1808.2;4.58;80.2;0.15;8.15;159.76;166.06;9.86;88.5;5.0;30;6;36;80.0
03/03/2023 17:08:49;0.08;-0.8434539577518309;10.2;0.0;0.0;0.0;0.0;0.0;155.04999999999998;142.86;0.0;0.0;1805.2;4.8;78.0;0.352;51.150000000000006;214.58;202.24;18.78;84.58;1808.2;4.6;79.25;0.144;10.9;159.56;165.6;10.4;88.32000000000001;5.0;30;6;36;90.0
03/03/2023 17:08:59;0.05;-0.5530280661244021;10.12;0.0;0.0;0.0;0.0;0.0;155.48;143.14999999999998;0.0;0.0;1805.6;4.8;78.0;0.348;50.98;214.35;201.8333333333333;17.849999999999998;84.64999999999999;1734.75;4.56;79.0;0.508;6.540000000000001;158.21666666666667;164.36666666666667;6.95;88.40000000000002;5.0;30;6;36;100.0
03/03/2023 17:09:09;0.06;0.6160648271679259;11.0;0.0;0.0;0.0;0.0;0.0;155.9;143.50000000000003;0.0;0.0;1805.0;4.8;78.0;0.3566666666666666;54.84;214.48;202.1;19.12;84.72;499.1666666666667;1.7;79.66666666666667;1.872;0.0;138.7;144.06;0.0;88.28;5.0;30;6;36;110.0
04/03/2023 20:25:42;0.02;-0.8039779628061365;1.4200000000000002;0.0;0.0;0.0;0.0;0.0;19.6;15.9;0.0;0.0;1806.8333333333333;4.65;79.0;0.2319999999999999;41.82000000000001;205.55;199.2;15.960000000000004;86.2;22.5;0.0166666666666666;5.0;0.0;0.0;17.5;16.4;0.0;0.0;5.0;30;6;36;0.0
04/03/2023 20:25:52;0.01;-0.7802484986061818;0.5333333333333333;0.0;0.0;0.0;0.0;0.0;19.6;15.9;0.0;0.0;1807.0;4.680000000000001;79.0;0.2319999999999999;41.86;205.12;198.94;16.12;86.2;1687.4;4.140000000000001;31.5;0.144;19.98;45.14;43.14;12.14;30.32;5.0;30;6;36;10.0
04/03/2023 20:26:02;0.04;0.3072458926828666;1.5333333333333332;0.0;0.0;0.0;0.0;0.0;19.6;15.9;0.0;0.0;1810.0;4.7;79.0;0.208;19.675;199.925;192.975;11.9;86.2;1810.0;5.2;34.6;0.284;27.85;98.7;94.05;17.875;27.325;5.0;30;6;36;20.0
04/03/2023 20:26:12;0.08;0.4605096627729939;1.975;0.0;0.0;0.0;0.0;0.0;19.6;15.9;0.0;0.0;1809.6;4.7;79.0;0.2;28.8;191.64;186.575;13.0;86.2;1809.4;5.2;35.0;0.308;31.4;128.06;117.72;16.42;28.5;5.0;30;6;36;30.0
04/03/2023 20:26:22;0.01;-0.3386831814477797;2.26;0.0;0.0;0.0;0.0;0.0;19.6;15.9;0.0;0.0;1809.8;4.7;79.0;0.204;25.08333333333333;185.86;182.76;12.78;86.2;1809.6;5.2;35.6;0.304;30.1;142.8;131.06;15.84;30.9;5.0;30;6;36;40.0
04/03/2023 20:26:32;0.0;0.7435339840985213;1.65;0.0;0.0;0.0;0.0;0.0;19.6;15.9;0.0;0.0;1810.0;4.7;79.0;0.192;22.26;181.18;180.48;12.42;86.12;1809.8;5.26;36.4;0.308;29.45;151.98;139.06;16.119999999999997;32.98;5.0;30;6;36;50.0
04/03/2023 20:26:42;0.01;-0.9651764766664084;1.3;0.0;0.0;0.0;0.0;0.0;19.6;15.9;0.0;0.0;1810.0;4.7;79.0;0.2;22.9;177.66666666666666;178.25;12.05;86.1;1810.0;5.28;37.4;0.308;24.55;158.84;144.73333333333332;15.85;34.86;5.0;30;6;36;60.0
04/03/2023 20:26:52;0.0;0.6796973829014998;1.4666666666666668;0.0;0.0;0.0;0.0;0.0;19.6;15.9;0.0;0.0;1809.6;4.7;78.4;0.196;26.160000000000004;175.3;176.39999999999998;12.9;86.03999999999999;1809.2;5.3;38.4;0.3;22.9;162.95;148.175;14.7;36.54;5.0;30;6;36;70.0
04/03/2023 20:27:02;0.03;-0.2104717598213052;2.06;0.0;0.0;0.0;0.0;0.0;19.6;15.9;0.0;0.0;1809.0;4.7;78.0;0.208;31.4;177.26666666666668;178.03333333333333;13.539999999999996;85.9;1808.6;5.3;39.4;0.3;17.45;161.70000000000002;149.0;13.9;38.17999999999999;5.0;30;6;36;80.0
04/03/2023 20:27:12;0.01;0.9740286850603768;1.9;0.0;0.0;0.0;0.0;0.0;19.6;15.9;0.0;0.0;1808.8333333333333;4.7;78.0;0.205;32.725;179.76;179.76;13.666666666666666;85.89999999999999;1809.0;5.3;40.4;0.296;19.625;161.92499999999998;150.38333333333335;13.833333333333336;39.650000000000006;5.0;30;6;36;90.0
04/03/2023 20:27:22;0.06;-0.1257372554156084;1.4833333333333332;0.0;0.0;0.0;0.0;0.0;19.6;15.9;0.0;0.0;1809.0;4.7;78.0;0.208;30.1;180.72;180.18;13.539999999999996;85.9;1809.2;5.3;41.2;0.288;18.32;162.36;151.66000000000005;13.44;41.075;5.0;30;6;36;100.0
04/03/2023 20:27:32;0.05;0.9997491665033426;1.9;0.0;0.0;0.0;0.0;0.0;19.6;15.9;0.0;0.0;1809.0;4.7;78.0;0.208;28.8;181.02;180.01999999999998;13.82;85.8;1809.0;5.3;42.2;0.288;14.38;162.56;152.84;13.62;42.25;5.0;30;6;36;110.0
04/03/2023 20:27:42;0.03;-0.9951533124931836;2.0;0.0;0.0;0.0;0.0;0.0;19.6;15.9;0.0;0.0;1809.0;4.7;78.0;0.208;30.1;181.1;179.8;13.54;85.7;1808.8333333333333;5.3;43.2;0.292;18.3;163.42000000000002;154.45000000000002;13.38;43.583333333333336;5.0;30;6;36;120.0
04/03/2023 20:27:52;0.0699999999999999;-0.9823144938464152;1.1833333333333331;0.0;0.0;0.0;0.0;0.0;19.6;15.9;0.0;0.0;1809.75;4.7;78.0;0.204;28.8;180.94;179.42000000000002;13.4;85.7;1809.0;5.3;44.2;0.288;17.0;164.44;155.9;13.5;44.85;5.0;30;6;36;130.0
04/03/2023 20:28:02;0.0699999999999999;-0.2160420058058405;1.06;0.0;0.0;0.0;0.0;0.0;19.6;15.9;0.0;0.0;1810.5;4.7;78.0;0.184;9.18;177.41666666666666;175.25;10.733333333333334;85.70000000000002;1807.0;5.3;45.0;0.3399999999999999;39.2;170.11999999999998;160.76666666666665;18.4;45.98571428571428;5.0;30;6;36;140.0
04/03/2023 20:28:12;0.05;-0.4057265843085125;1.75;0.0;0.0;0.0;0.0;0.0;19.6;15.88;0.0;0.0;1810.5;4.7;78.0;0.17;11.82;169.82;165.26;10.66;85.7;1806.6;5.3;46.16666666666666;0.35;43.120000000000005;182.2;170.32;18.74;47.2;5.0;30;6;36;150.0
04/03/2023 20:28:22;0.07;0.99998583151572;1.4;0.0;0.0;0.0;0.0;0.0;19.6;15.9;0.0;0.0;1810.8;4.7;78.0;0.1699999999999999;11.8;165.3;159.56;11.08;85.6;1806.6;5.3;47.0;0.335;43.14;188.12;175.28000000000003;18.02;48.3;5.0;30;6;36;160.0
04/03/2023 20:28:32;0.04;0.9725461991908576;1.5833333333333333;0.0;0.0;0.0;0.0;0.0;19.6;15.9;0.0;0.0;1811.25;4.7;78.0;0.172;11.8;162.16;155.5;10.5;85.6;1806.5;5.25;48.0;0.348;44.42;191.96;178.14;18.16;49.3;5.0;30;6;36;170.0
04/03/2023 20:28:42;0.02;0.7548758592589774;1.56;0.0;0.0;0.0;0.0;0.0;19.6;15.9;0.0;0.0;1810.8333333333333;4.7;78.0;0.1679999999999999;8.225;160.28000000000003;153.22000000000003;10.8;85.41666666666667;1807.0;5.22;49.0;0.344;44.14999999999999;195.22;180.04000000000002;18.26;50.48333333333333;5.0;30;6;36;180.0
04/03/2023 20:28:52;0.03;-0.1901236438780902;0.8800000000000001;0.0;0.0;0.0;0.0;0.0;19.6;15.9;0.0;0.0;1810.8;4.7;78.0;0.172;11.82;159.04000000000002;151.60000000000002;10.44;85.38000000000001;1806.8;5.2;50.0;0.3359999999999999;41.84;197.54;181.54;17.520000000000003;51.74000000000001;5.0;30;6;36;190.0
04/03/2023 20:29:02;0.03;0.0739054268365117;0.94;0.0;0.0;0.0;0.0;0.0;19.6;15.88;0.0;0.0;1811.0;4.7;78.0;0.176;11.8;158.08;150.44;10.52;85.2;1807.3333333333333;5.2;51.2;0.3399999999999999;43.14;199.2;182.28000000000003;17.720000000000002;52.88000000000001;5.0;30;6;36;200.0
04/03/2023 20:29:12;0.04;-0.8670127288260299;0.8000000000000002;0.0;0.0;0.0;0.0;0.0;19.6;15.9;0.0;0.0;1810.8;4.7;78.0;0.172;12.016666666666666;157.28333333333333;149.725;10.5;85.2;1806.6;5.2;52.16666666666666;0.3466666666666667;44.66666666666666;200.64;183.36;18.48;53.92;5.0;30;6;36;210.0
04/03/2023 20:29:22;0.1;0.9809958141815314;0.48;0.0;0.0;0.0;0.0;0.0;19.6;15.9;0.0;0.0;1810.8;4.7;78.0;0.172;9.2;156.44;149.42000000000002;10.66;85.17999999999999;1807.2;5.2;53.4;0.344;40.5;201.8166666666667;184.58;17.52;54.9;5.0;30;6;36;220.0
04/03/2023 20:29:32;0.03;0.9991169035756536;1.0;0.0;0.0;0.0;0.0;0.0;19.6;15.9;0.0;0.0;1810.6;4.7;78.0;0.1639999999999999;14.419999999999998;155.83999999999995;149.16000000000005;10.580000000000002;85.1;1807.4;5.2;54.4;0.336;40.52;201.775;184.86;17.359999999999996;55.96;5.0;30;6;36;230.0
04/03/2023 20:29:42;0.09;-0.6544015215459144;1.82;0.0;0.0;0.0;0.0;0.0;19.6;15.88;0.0;0.0;1810.6;4.7;78.0;0.172;11.8;155.55;148.76;11.080000000000002;85.1;1807.0;5.2;55.4;0.3399999999999999;39.2;201.7;185.42;17.52;56.9;5.0;30;6;36;240.0
04/03/2023 20:29:52;0.08;0.9135217931179032;1.9;0.0;0.0;0.0;0.0;0.0;19.6;15.9;0.0;0.0;1810.75;4.7;78.0;0.1679999999999999;9.18;155.36666666666667;148.46666666666667;10.34;85.1;1806.8;5.2;56.4;0.348;40.54;202.8;186.4;17.040000000000003;57.92;5.0;30;6;36;250.0
04/03/2023 20:30:02;0.07;0.9356084441700532;1.225;0.0;0.0;0.0;0.0;0.0;19.6;15.9;0.0;0.0;1810.8;4.7;78.0;0.1679999999999999;7.88;154.98;148.225;11.0;85.1;1808.0;5.2;57.4;0.344;40.52;203.375;186.675;17.0;58.88;5.0;30;6;36;260.0
04/03/2023 20:30:12;0.03;0.0719326531567194;1.0799999999999998;0.0;0.0;0.0;0.0;0.0;19.6;15.883333333333336;0.0;0.0;1810.75;4.7;78.0;0.1639999999999999;9.2;154.86;147.95000000000002;10.65;85.08;1806.6;5.160000000000001;58.2;0.356;41.82000000000001;204.76666666666665;187.61666666666665;17.666666666666668;59.75;5.0;30;6;36;270.0
04/03/2023 20:30:22;0.03;0.6559931656571469;1.3333333333333333;0.0;0.0;0.0;0.0;0.0;19.6;15.88;0.0;0.0;1810.3333333333333;4.7;78.0;0.1679999999999999;10.46;154.82000000000002;147.7;10.58;84.89999999999999;1807.3333333333333;5.1;59.2;0.352;39.220000000000006;206.6;189.04;17.24;60.73333333333334;5.0;30;6;36;280.0
04/03/2023 20:30:32;0.03;0.44364481018709;1.7;0.0;0.0;0.0;0.0;0.0;19.6;15.820000000000002;0.0;0.0;1810.6;4.7;78.0;0.1639999999999999;15.7;154.8;147.42;11.220000000000002;84.9;1807.6;5.1000000000000005;60.16666666666666;0.348;37.9;207.28000000000003;189.64;16.66;61.64;5.0;30;6;36;290.0
04/03/2023 20:30:42;0.03;0.1366542097375194;2.4;0.0;0.0;0.0;0.0;0.0;19.6;15.88;0.0;0.0;1811.0;4.7;78.0;0.16;10.5;154.86;147.18;10.5;84.9;1807.2;5.1;61.2;0.352;41.84;207.72000000000003;190.06;17.54;62.48;5.0;30;6;36;300.0
04/03/2023 20:30:52;0.06;0.2682585498837863;1.7600000000000002;0.0;0.0;0.0;0.0;0.0;19.6;15.860000000000005;0.0;0.0;1810.5;4.7;78.0;0.16;10.48;154.76;147.1;10.4;84.9;1807.25;5.1;62.0;0.348;37.92;208.94;191.38;17.1;63.225;5.0;30;6;36;310.0
04/03/2023 20:31:02;0.09;0.8700547291339028;1.6800000000000002;0.0;0.0;0.0;0.0;0.0;19.6;15.84;0.0;0.0;1811.0;4.7;78.0;0.1633333333333333;11.8;154.5;147.1;10.36;84.88333333333334;1807.5;5.083333333333333;62.833333333333336;0.352;44.48;209.26;191.98;16.98;64.11666666666666;5.0;30;6;36;320.0
04/03/2023 20:31:12;0.02;0.9999644192040508;1.2000000000000002;0.0;0.0;0.0;0.0;0.0;19.6;15.85;0.0;0.0;1811.0;4.7;78.0;0.164;9.2;154.28000000000003;147.0;10.44;84.725;1807.0;5.0200000000000005;63.8;0.35;45.760000000000005;210.38;192.48;16.979999999999997;65.0;5.0;30;6;36;330.0
04/03/2023 20:31:22;0.02;-0.9445293294356636;1.6166666666666665;0.0;0.0;0.0;0.0;0.0;19.58;15.88;0.0;0.0;1811.0;4.7;78.0;0.156;10.5;154.1;146.92000000000002;10.64;84.7;1807.6;5.0;64.6;0.348;44.48;211.96;193.28000000000003;16.339999999999996;65.72;5.0;30;6;36;340.0
04/03/2023 20:31:32;0.02;-0.5865608461062101;1.725;0.0;0.0;0.0;0.0;0.0;19.6;15.88;0.0;0.0;1811.0;4.7;78.0;0.16;9.866666666666664;153.89999999999998;146.92000000000002;10.6;84.7;1807.8;5.0;65.4;0.3399999999999999;41.400000000000006;211.4;193.06;16.0;66.50000000000001;5.0;30;6;36;350.0
04/03/2023 20:31:42;0.06;-0.5164087844045211;1.92;0.0;0.0;0.0;0.0;0.0;19.6;15.883333333333336;0.0;0.0;1811.0;4.7;78.0;0.1679999999999999;11.8;153.7;146.95999999999998;10.26;84.7;1807.4;5.0;66.0;0.348;40.54;211.2;192.7;16.46;67.25;5.0;30;6;36;360.0
04/03/2023 20:31:52;0.03;0.3770057263180566;1.3199999999999998;0.0;0.0;0.0;0.0;0.0;19.58;15.82;0.0;0.0;1811.0;4.7;78.0;0.1639999999999999;11.8;153.44;146.95999999999998;10.75;84.7;1807.6;5.0;67.0;0.344;44.48;212.5;193.95;16.75;68.0;5.0;30;6;36;370.0
04/03/2023 20:32:02;0.01;0.8827426632021704;1.2;0.0;0.0;0.0;0.0;0.0;19.5;15.8;0.0;0.0;1811.1666666666667;4.7;78.0;0.1639999999999999;11.8;153.54;146.8;10.54;84.7;1807.1666666666667;5.0;67.6;0.348;45.8;212.9;194.7;16.76;68.72;5.0;30;6;36;380.0
04/03/2023 20:32:12;0.05;0.6333133399181804;1.16;0.0;0.0;0.0;0.0;0.0;19.56;15.8;0.0;0.0;1811.0;4.7;78.0;0.164;9.18;153.49999999999997;146.61999999999998;10.36;84.62;1807.6;5.0;68.4;0.348;44.48;212.96;195.2;16.7;69.47999999999999;5.0;30;6;36;390.0
04/03/2023 20:32:22;0.01;0.6917651662384782;1.1;0.0;0.0;0.0;0.0;0.0;19.56;15.8;0.0;0.0;1811.0;4.7;78.0;0.172;10.48;153.24;146.56;10.525;84.6;1807.75;5.0;69.0;0.348;43.16;213.46;195.9;16.549999999999997;70.075;5.0;30;6;36;400.0
04/03/2023 20:32:32;0.03;0.9287109684460936;0.82;0.0;0.0;0.0;0.0;0.0;19.58;15.820000000000002;0.0;0.0;1810.4;4.7;78.0;0.1639999999999999;9.18;153.14;146.5;10.26;84.6;1808.0;5.0;70.0;0.348;43.17999999999999;213.5;196.15;16.0;70.88000000000001;5.0;30;6;36;410.0
04/03/2023 20:32:42;0.02;-0.1063219193930433;0.7333333333333334;0.0;0.0;0.0;0.0;0.0;19.56;15.8;0.0;0.0;1810.8333333333333;4.7;78.0;0.1679999999999999;13.1;153.12;146.45999999999998;10.54;84.60000000000001;1807.6666666666667;4.933333333333334;70.8;0.344;43.17999999999999;213.5;196.16666666666663;16.259999999999998;71.75;5.0;30;6;36;420.0
04/03/2023 20:32:52;0.03;0.9839110332549345;0.58;0.0;0.0;0.0;0.0;0.0;19.52;15.8;0.0;0.0;1810.8;4.7;78.0;0.1679999999999999;11.8;153.02;146.44;10.56;84.6;1807.4;4.9;71.6;0.352;41.86;214.14;197.06;15.86;72.52499999999999;5.0;30;6;36;430.0
04/03/2023 20:33:02;0.02;-0.893292953762235;0.54;0.0;0.0;0.0;0.0;0.0;19.54;15.8;0.0;0.0;1565.4;4.575;78.0;0.512;6.56;151.24;144.64;6.0200000000000005;84.6;1807.25;4.9;72.4;0.348;44.48;214.38;197.46;16.380000000000003;73.44;5.0;30;6;36;440.0
04/03/2023 20:33:12;0.03;-0.6400203013049078;0.1;0.0;0.0;0.0;0.0;0.0;19.54;15.8;0.0;0.0;271.0;1.7;78.0;1.844;0.0;134.2;125.29999999999998;0.0;67.53999999999999;1807.4;4.9;73.2;0.348;45.78;214.84;197.98;16.939999999999998;74.28;5.0;30;6;36;450.0
04/03/2023 20:43:52;0.03;-0.8846487990458147;1.06;0.0;0.0;0.0;0.0;0.0;19.5;15.825;0.0;0.0;154.6;0.3;28.6;0.016;0.0;138.05;132.92;0.0;14.04;1806.8;4.6;82.0;0.356;50.675;224.375;203.48;18.04;88.5;5.0;30;6;36;0.0
04/03/2023 20:44:02;0.04;0.2050939697107042;0.7666666666666666;0.0;0.0;0.0;0.0;0.0;19.48333333333333;15.8;0.0;0.0;1694.0;4.875;75.0;0.228;32.916666666666664;145.73333333333335;143.65;18.14;75.06;1809.0;4.6;82.0;0.308;32.7;223.25;203.66;15.739999999999998;88.66;5.0;30;6;36;10.0
04/03/2023 20:44:12;0.04;0.9035846843212594;0.925;0.0;0.0;0.0;0.0;0.0;19.5;15.825;0.0;0.0;1812.2;4.9;76.4;0.264;17.059999999999995;159.95999999999998;154.9;13.34;77.74000000000001;1811.8;4.6;82.0;0.312;31.48;211.74;195.2;13.96;88.7;5.0;30;6;36;20.0
04/03/2023 20:44:22;0.05;-0.5577209646650452;0.975;0.0;0.0;0.0;0.0;0.0;19.5;15.8;0.0;0.0;1812.2;4.819999999999999;77.0;0.26;21.325;164.47500000000002;155.94;11.76;79.08;1812.0;4.6;82.0;0.315;31.15;209.025;191.32;13.68;88.7;5.0;30;6;36;30.0
04/03/2023 20:44:32;0.04;-0.8374326634826966;1.45;0.0;0.0;0.0;0.0;0.0;19.5;15.8;0.0;0.0;1812.0;4.8;77.4;0.256;17.06;168.275;157.2;11.48;79.94;1812.0;4.6;82.0;0.308;32.779999999999994;207.32;189.85;14.139999999999995;88.7;5.0;30;6;36;40.0
04/03/2023 20:44:42;0.05;0.1573537791895609;1.4;0.0;0.0;0.0;0.0;0.0;19.5;15.8;0.0;0.0;1811.6;4.8;78.0;0.26;19.683333333333334;171.27999999999997;158.84;11.66;80.60000000000001;1811.8;4.6;82.0;0.3133333333333333;32.779999999999994;205.82;188.72;14.1;88.7;5.0;30;6;36;50.0
04/03/2023 20:44:52;0.02;-0.2119218263827456;1.45;0.0;0.0;0.0;0.0;0.0;19.46;15.883333333333336;0.0;0.0;1811.0;4.8;78.0;0.268;32.8;173.8166666666667;162.01666666666665;13.766666666666666;81.2;1810.8;4.6;82.0;0.308;31.48;204.4833333333333;187.7;13.44;88.7;5.0;30;6;36;60.0
04/03/2023 20:45:02;0.03;-0.7063247310603489;1.4333333333333331;0.0;0.0;0.0;0.0;0.0;19.46;15.8;0.0;0.0;1811.0;4.8;78.8;0.268;28.82;176.02;166.21999999999997;13.74;81.69999999999999;1810.6;4.6;82.0;0.304;28.84;202.68;185.62;13.525;88.7;5.0;30;6;36;70.0
04/03/2023 20:45:12;0.02;-0.0441424817877671;1.7666666666666668;0.0;0.0;0.0;0.0;0.0;19.5;15.88;0.0;0.0;1811.2;4.8;79.0;0.272;31.44;177.94;169.26000000000002;13.420000000000002;82.0;1810.8;4.6;81.0;0.304;31.46;201.8;184.58;13.85;88.7;5.0;30;6;36;80.0
04/03/2023 20:45:22;0.0;-0.9873216270204528;1.84;0.0;0.0;0.0;0.0;0.0;19.46;15.84;0.0;0.0;1810.1666666666667;4.8;79.0;0.28;32.760000000000005;180.3;172.12;14.939999999999998;82.36;1810.4;4.6;81.0;0.296;22.26;201.16;183.3;12.36;88.7;5.0;30;6;36;90.0
04/03/2023 20:45:32;0.0;-0.8941021316511186;1.85;0.0;0.0;0.0;0.0;0.0;19.5;15.820000000000002;0.0;0.0;1810.4;4.8;79.0;0.28;34.06;184.02;176.45999999999998;14.839999999999998;82.72;1810.3333333333333;4.6000000000000005;81.0;0.2866666666666667;17.04;198.82;178.26;11.679999999999998;88.7;5.0;30;6;36;100.0
04/03/2023 20:45:42;0.03;-0.966503115883203;1.54;0.0;0.0;0.0;0.0;0.0;19.48333333333333;15.866666666666667;0.0;0.0;1810.0;4.8;79.0;0.288;37.1;187.35;179.62;15.1;82.88;1810.2;4.6;81.0;0.288;18.53333333333333;197.0666666666667;174.48;11.66;88.7;5.0;30;6;36;110.0
04/03/2023 20:45:52;0.07;0.7966831512309799;1.4166666666666667;0.0;0.0;0.0;0.0;0.0;19.48;15.820000000000002;0.0;0.0;1809.0;4.8;78.0;0.272;32.720000000000006;189.7;181.91666666666663;14.2;83.11999999999999;1809.2;4.6;81.0;0.304;28.8;196.7;173.79999999999998;13.15;88.7;5.0;30;6;36;120.0
04/03/2023 20:46:02;0.03;-0.5933626929700504;1.5333333333333334;0.0;0.0;0.0;0.0;0.0;19.48333333333333;15.825;0.0;0.0;1808.8333333333333;4.8;78.0;0.2833333333333334;37.06666666666667;189.1833333333333;180.54;14.48;83.32499999999999;1809.1666666666667;4.6000000000000005;81.0;0.2933333333333333;22.916666666666668;197.1;177.34;13.28;88.7;5.0;30;6;36;130.0
04/03/2023 20:46:12;0.03;-0.8287028038928129;1.5399999999999998;0.0;0.0;0.0;0.0;0.0;19.5;15.9;0.0;0.0;1806.6;4.8;78.0;0.315;49.05;196.9;185.66000000000005;17.459999999999997;83.46000000000001;1810.6;4.6;81.0;0.25;11.475;189.725;173.66000000000005;10.06;88.7;5.0;30;6;36;140.0
04/03/2023 20:46:22;0.01;-0.7992652912497459;1.625;0.0;0.0;0.0;0.0;0.0;19.5;15.9;0.0;0.0;1807.0;4.8;78.0;0.328;52.3;205.68;193.74;18.360000000000003;83.66;1811.4;4.6;81.0;0.248;7.88;183.46;167.68;10.3;88.7;5.0;30;6;36;150.0
04/03/2023 20:46:32;0.04;-0.3624806409206754;1.84;0.0;0.0;0.0;0.0;0.0;19.46;15.84;0.0;0.0;1806.8;4.8;78.0;0.32;49.7;211.7;198.34;17.78;83.83999999999999;1811.2;4.6;81.0;0.245;10.5;179.48;164.64;10.26;88.67999999999999;5.0;30;6;36;160.0
04/03/2023 20:46:42;0.01;0.3191247212322133;1.1;0.0;0.0;0.0;0.0;0.0;19.46;15.860000000000005;0.0;0.0;1807.0;4.8;78.0;0.316;51.0;215.02;200.56;17.78;83.9;1810.4;4.6000000000000005;81.0;0.25;9.18;177.3;162.98;10.12;88.5;5.0;30;6;36;170.0
04/03/2023 20:46:52;0.02;-0.9658881723684104;1.0666666666666669;0.0;0.0;0.0;0.0;0.0;19.48;15.88;0.0;0.0;1806.4;4.8;78.0;0.3266666666666667;52.3;217.525;202.92;18.68;84.1;1811.0;4.6;81.0;0.25;6.56;175.92499999999998;162.02499999999998;9.919999999999998;88.5;5.0;30;6;36;180.0
04/03/2023 20:47:02;0.0;0.3658515834637519;1.22;0.0;0.0;0.0;0.0;0.0;19.5;15.883333333333336;0.0;0.0;1806.6;4.8;78.0;0.324;50.11666666666667;219.6;204.75;17.983333333333334;84.1;1811.0;4.6;81.0;0.244;9.85;174.5333333333333;161.35;10.2;88.5;5.0;30;6;36;190.0
04/03/2023 20:47:12;0.0;0.0219145942922402;0.6857142857142857;0.0;0.0;0.0;0.0;0.0;19.5;15.9;0.0;0.0;1807.0;4.8;78.0;0.316;52.3;220.52000000000004;205.54;18.18;84.16666666666667;1811.0;4.6;81.0;0.256;11.8;173.44;160.92;10.1;88.45;5.0;30;6;36;200.0
04/03/2023 20:47:22;0.05;-0.9785233784850658;1.08;0.0;0.0;0.0;0.0;0.0;19.5;15.88;0.0;0.0;1806.6;4.8;78.0;0.332;52.3;221.44;206.68;18.325;84.475;1811.0;4.6;81.0;0.252;7.88;172.74;160.32;10.075;88.4;5.0;30;6;36;210.0
04/03/2023 20:47:32;0.04;-0.3933268805145905;1.4249999999999998;0.0;0.0;0.0;0.0;0.0;19.5;15.88;0.0;0.0;1807.4;4.8;78.4;0.316;48.4;221.58;206.8;17.416666666666668;84.72;1810.8;4.6;81.0;0.244;10.48;172.06;159.99999999999997;10.233333333333333;88.4;5.0;30;6;36;220.0
04/03/2023 20:47:42;0.06;0.122013702101662;1.8;0.0;0.0;0.0;0.0;0.0;19.48;15.88;0.0;0.0;1806.8333333333333;4.8;79.0;0.332;49.7;221.62;206.4;17.58;85.05;1811.0;4.6;81.0;0.252;9.16;171.74;159.8;9.98;88.40000000000002;5.0;30;6;36;230.0
04/03/2023 20:47:52;0.06;-0.996312924144023;2.3000000000000003;0.0;0.0;0.0;0.0;0.0;19.475;15.860000000000005;0.0;0.0;1806.6;4.783333333333333;79.0;0.3399999999999999;49.67999999999999;221.88;206.48;18.08;85.11999999999999;1811.0;4.6000000000000005;81.0;0.244;6.56;171.42000000000002;159.76;10.22;88.4;5.0;30;6;36;240.0
04/03/2023 20:48:02;0.01;-0.5629011019696398;2.4800000000000004;0.0;0.0;0.0;0.0;0.0;19.5;15.9;0.0;0.0;1807.0;4.8;79.0;0.35;48.39999999999999;221.56;206.075;17.6;85.2;1810.8;4.6;81.0;0.244;6.56;171.2;159.725;9.9;88.4;5.0;30;6;36;250.0
04/03/2023 20:48:12;0.02;-0.227209811582942;2.45;0.0;0.0;0.0;0.0;0.0;19.5;15.86;0.0;0.0;1807.2;4.8;79.0;0.348;45.78;220.92;205.22;17.22;85.36000000000001;1810.8;4.6;81.0;0.24;7.88;171.16;159.76;10.48;88.4;5.0;30;6;36;260.0
04/03/2023 20:48:22;0.06;0.9778733899843236;1.6;0.0;0.0;0.0;0.0;0.0;19.5;15.9;0.0;0.0;1806.8;4.8;79.0;0.345;49.7;220.8;205.22;17.939999999999998;85.4;1811.2;4.6;81.0;0.24;10.5;171.38;159.74;10.44;88.38000000000001;5.0;30;6;36;270.0
04/03/2023 20:48:32;0.01;0.0574188234198891;1.92;0.0;0.0;0.0;0.0;0.0;19.48333333333333;15.883333333333336;0.0;0.0;1807.4;4.8;79.0;0.348;45.78;220.68333333333337;205.3166666666667;17.400000000000002;85.46000000000001;1811.0;4.6;81.0;0.252;9.18;171.52000000000004;159.96666666666667;10.333333333333334;88.24;5.0;30;6;36;280.0
04/03/2023 20:48:42;0.08;-0.9884586600522152;2.05;0.0;0.0;0.0;0.0;0.0;19.5;15.9;0.0;0.0;1807.2;4.8;79.0;0.348;45.78;220.0;204.62;16.919999999999998;85.6;1811.2;4.6;81.0;0.248;9.2;171.92;160.26;10.419999999999998;88.2;5.0;30;6;36;290.0
04/03/2023 20:48:52;0.05;-0.9977526189081888;1.933333333333333;0.0;0.0;0.0;0.0;0.0;19.5;15.9;0.0;0.0;1806.8;4.8;79.0;0.352;48.4;219.78000000000003;204.7;17.82;85.59999999999998;1810.8;4.6;81.0;0.24;9.16;172.6;160.54000000000002;10.25;88.2;5.0;30;6;36;300.0
04/03/2023 20:49:02;0.05;-0.9719678401741344;2.3600000000000003;0.0;0.0;0.0;0.0;0.0;19.48;15.9;0.0;0.0;1807.3333333333333;4.8;79.0;0.35;47.080000000000005;219.88;204.78333333333333;17.433333333333334;85.66666666666667;1810.857142857143;4.6;80.16666666666667;0.24;7.88;172.82;161.26;10.083333333333334;88.05;5.0;30;6;36;310.0
04/03/2023 20:49:12;0.06;0.0025889021651343;1.94;0.0;0.0;0.0;0.0;0.0;19.5;15.9;0.0;0.0;1807.2;4.8;79.0;0.345;47.1;219.82;204.68;17.18;85.7;1811.0;4.6;79.6;0.248;9.18;172.56;161.48;9.82;87.78;5.0;30;6;36;320.0
04/03/2023 20:49:22;0.05;0.1246117143160369;1.775;0.0;0.0;0.0;0.0;0.0;19.5;15.9;0.0;0.0;1807.2;4.78;79.0;0.3533333333333333;47.96666666666667;219.71666666666667;204.68;17.66;85.75999999999999;1811.2;4.6;79.0;0.2466666666666666;6.566666666666666;171.71999999999997;161.04000000000002;10.52;87.8;5.0;30;6;36;330.0
04/03/2023 20:49:32;0.03;0.006283143965559;1.7666666666666668;0.0;0.0;0.0;0.0;0.0;19.5;15.9;0.0;0.0;1807.2;4.74;79.0;0.344;44.48;218.94;204.22;16.880000000000003;85.9;1811.0;4.6;79.6;0.244;10.5;170.6166666666667;160.56;10.62;87.9;5.0;30;6;36;340.0
04/03/2023 20:49:42;0.05;-0.759895655819788;2.14;0.0;0.0;0.0;0.0;0.0;19.5;15.9;0.0;0.0;1807.2;4.76;79.0;0.348;45.8;218.38;203.4;16.880000000000003;85.96000000000001;1811.0;4.6;80.0;0.244;7.9;169.9;159.93333333333337;10.16;88.0;5.0;30;6;36;350.0
04/03/2023 20:49:52;0.04;-0.6946165197902484;1.5400000000000005;0.0;0.0;0.0;0.0;0.0;19.5;15.9;0.0;0.0;1807.2;4.74;79.0;0.356;47.1;218.48;203.475;17.779999999999998;86.1;1811.0;4.6;81.0;0.24;9.18;169.28;159.575;10.16;88.1;5.0;30;6;36;360.0
04/03/2023 20:50:02;0.04;-0.7063659131175504;1.5;0.0;0.0;0.0;0.0;0.0;19.5;15.9;0.0;0.0;1807.0;4.76;79.0;0.352;45.77499999999999;218.25000000000003;203.26;16.979999999999997;86.1;1811.0;4.6;81.0;0.235;4.925;168.925;159.48;9.98;88.2;5.0;30;6;36;370.0
04/03/2023 20:50:12;0.04;-0.2233635331145152;1.64;0.0;0.0;0.0;0.0;0.0;19.5;15.9;0.0;0.0;1807.75;4.75;79.0;0.345;44.48;217.6;202.6;16.700000000000003;86.2;1810.75;4.6;81.0;0.24;7.859999999999999;168.5;159.54;10.02;88.275;5.0;30;6;36;380.0
04/03/2023 20:50:22;0.03;0.9886167588863914;1.6;0.0;0.0;0.0;0.0;0.0;19.5;15.9;0.0;0.0;1807.0;4.72;79.4;0.352;47.1;216.92;202.34;17.36;86.2;1811.2;4.6;81.6;0.24;9.18;168.32;159.34;9.9;88.4;5.0;30;6;36;390.0
04/03/2023 20:50:32;0.01;-0.7543277728519263;2.2;0.0;0.0;0.0;0.0;0.0;19.5;15.9;0.0;0.0;1807.4;4.72;80.0;0.352;45.8;216.325;202.05;17.15;86.2;1811.0;4.6;82.0;0.236;8.2;168.02499999999998;159.475;10.1;88.46000000000001;5.0;30;6;36;400.0
04/03/2023 20:50:42;0.03;0.6883756756876611;2.083333333333333;0.0;0.0;0.0;0.0;0.0;19.46;15.9;0.0;0.0;1807.75;4.7;80.0;0.355;47.1;215.66;201.44;16.860000000000003;86.34;1810.5;4.6;82.0;0.24;6.58;167.78000000000003;159.7;10.06;88.5;5.0;30;6;36;410.0
04/03/2023 20:50:52;0.05;0.7971099244332928;2.22;0.0;0.0;0.0;0.0;0.0;19.425;15.9;0.0;0.0;1807.0;4.72;80.0;0.352;45.8;215.025;201.1;17.674999999999997;86.4;1811.2;4.6;82.0;0.24;8.2;167.775;159.55;10.075;88.5;5.0;30;6;36;420.0
04/03/2023 20:51:02;0.08;-0.9986035320017976;2.14;0.0;0.0;0.0;0.0;0.0;19.45;15.9;0.0;0.0;1807.0;4.74;80.0;0.356;47.1;214.8;200.88333333333333;17.3;86.4;1810.6;4.6;82.0;0.236;7.666666666666667;167.61666666666665;159.70000000000002;9.86;88.5;5.0;30;6;36;430.0
04/03/2023 20:51:12;0.06;-0.3826834323650893;2.033333333333333;0.0;0.0;0.0;0.0;0.0;19.42;15.9;0.0;0.0;1807.2;4.7;80.0;0.356;47.1;214.36000000000004;200.5;17.0;86.4;1421.6;3.86;82.0;1.584;2.62;158.74;155.175;4.0;88.5;5.0;30;6;36;440.0
04/03/2023 20:51:22;0.04;0.404742629682945;1.8666666666666665;0.0;0.0;0.0;0.0;0.0;19.44;15.9;0.0;0.0;1807.4;4.7;80.0;0.356;47.1;213.925;200.375;17.4;86.58;93.4;0.4;49.0;1.108;0.0;142.4;138.82;0.0;52.98;5.0;30;6;36;450.0
05/03/2023 07:41:08;0.04;0.9302682355931065;1.383333333333333;0.0;0.0;0.0;0.0;0.0;25.1;24.0;0.0;0.0;1806.6;4.6;80.0;0.365;50.133333333333326;204.025;190.825;18.06;87.4;467.6;0.8799999999999999;11.0;0.005;0.0;32.08;30.6;3.8;8.7;5.0;30;6;36;0.0
05/03/2023 07:41:18;0.02;0.4787940126579637;1.58;0.0;0.0;0.0;0.0;0.0;25.1;24.0;0.0;0.0;1807.8;4.6;80.0;0.36;50.98;204.28000000000003;190.94;16.2;87.4;1815.6;5.24;46.833333333333336;0.2;7.9;74.14000000000001;69.4;12.919999999999998;42.220000000000006;5.0;30;6;36;10.0
05/03/2023 07:41:28;0.0699999999999999;0.9508405499861232;1.6666666666666667;0.0;0.0;0.0;0.0;0.0;25.1;24.0;0.0;0.0;1812.0;4.65;80.0;0.3;27.54;196.76;184.04;13.88;87.4;1811.25;5.3;50.0;0.292;36.7;127.38;114.8;16.48;38.8;5.0;30;6;36;20.0
05/03/2023 07:41:38;0.06;-0.9099178393123808;1.5;0.0;0.0;0.0;0.0;0.0;25.1;24.0;0.0;0.0;1811.8;4.6;80.0;0.312;35.4;189.44;178.78000000000003;14.325;87.37500000000001;1811.2;5.3;50.0;0.276;28.860000000000003;149.66000000000005;138.20000000000002;14.2;41.0;5.0;30;6;36;30.0
05/03/2023 07:41:48;0.04;0.9562707304970408;0.82;0.0;0.0;0.0;0.0;0.0;25.1;24.0;0.0;0.0;1811.6;4.62;80.0;0.308;31.48;185.78000000000003;176.44;14.16;87.2;1811.4;5.28;50.8;0.276;27.54;160.28000000000003;149.22;14.28;43.78;5.0;30;6;36;40.0
06/03/2023 12:02:20;0.05;0.969085488986986;0.3;0.0;0.0;0.0;0.0;0.0;144.32000000000002;135.6;0.0;0.0;1804.6;5.0;71.8;0.348;56.17999999999999;220.34;213.02;19.725;72.3;1808.0;4.6;76.0;0.156;7.82;163.34;168.21999999999997;9.9;85.2;5.0;30;6;36;0.0
06/03/2023 12:02:30;0.0;0.2915092348572922;0.2333333333333333;0.0;0.0;0.0;0.0;0.0;146.075;137.07500000000002;0.0;0.0;1804.8;5.0;72.5;0.33;55.5;220.15;212.8;18.92;73.16;1808.2;4.6;76.0;0.16;8.175;163.35;167.975;9.88;85.2;5.0;30;6;36;10.0
06/03/2023 12:02:40;0.0;-0.5402158416927003;0.25;0.0;0.0;0.0;0.0;0.0;146.94;137.86;0.0;0.0;1805.25;5.0;73.4;0.324;52.260000000000005;219.28000000000003;211.7;18.64;73.97500000000001;1808.25;4.6;76.0;0.1679999999999999;9.14;163.34;167.68;9.94;85.2;5.0;30;6;36;20.0
06/03/2023 12:02:50;0.0;0.6687197772548377;0.3;0.0;0.0;0.0;0.0;0.0;147.52000000000004;138.48000000000002;0.0;0.0;1804.8;5.0;74.2;0.344;54.86;219.2;211.62000000000003;19.4;74.64;1808.2;4.6;76.0;0.156;9.14;163.28000000000003;167.52;10.25;85.2;5.0;30;6;36;30.0
06/03/2023 12:03:00;0.04;0.2285774260239716;0.72;0.0;0.0;0.0;0.0;0.0;148.16;139.0;0.0;0.0;1805.2;5.0;75.0;0.332;54.86;219.58;211.94;19.05;75.44;1808.2;4.6;76.0;0.1679999999999999;10.46;163.34;167.35000000000002;10.0;85.2;5.0;30;6;36;40.0
06/03/2023 12:03:10;0.0;0.0974091983244019;0.75;0.0;0.0;0.0;0.0;0.0;148.675;139.4;0.0;0.0;1804.8;5.0;76.0;0.3359999999999999;53.85;219.45;211.875;18.64;76.16;1808.2;4.6;76.0;0.16;8.15;163.625;167.06;10.18;85.2;5.0;30;6;36;50.0
06/03/2023 12:03:20;0.0;0.9854820725817218;1.2;0.0;0.0;0.0;0.0;0.0;149.14;139.8;0.0;0.0;1805.0;5.0;76.8;0.336;57.48;219.62;212.24;19.28;76.94;1808.4;4.6;76.0;0.156;9.16;163.76;166.8;10.34;85.2;5.0;30;6;36;60.0
06/03/2023 12:03:30;0.03;-0.6025581660074463;0.9333333333333332;0.0;0.0;0.0;0.0;0.0;149.61999999999998;140.18;0.0;0.0;1805.2;5.0;77.4;0.344;54.88;220.32;213.04;19.02;77.64000000000001;1808.2;4.6;76.0;0.1639999999999999;7.82;163.76;166.72;10.1;85.2;5.0;30;6;36;70.0
06/03/2023 12:03:40;0.0;0.8605939164442158;1.725;0.0;0.0;0.0;0.0;0.0;150.14;140.56;0.0;0.0;1805.0;5.0;78.0;0.332;53.52;220.54;213.0;18.880000000000003;78.34;1808.2;4.6;76.0;0.1649999999999999;10.48;163.5;166.6;10.22;85.2;5.0;30;6;36;80.0
06/03/2023 12:03:50;0.01;0.9532082573470092;2.2;0.0;0.0;0.0;0.0;0.0;150.64999999999998;140.88000000000002;0.0;0.0;1805.0;4.92;79.0;0.336;55.5;220.56666666666663;212.94;19.14;78.99999999999999;1808.0;4.6;76.0;0.16;7.6;162.96666666666667;166.6;9.92;85.2;5.0;30;6;36;90.0
06/03/2023 12:04:00;0.03;0.9399396779045972;2.04;0.0;0.0;0.0;0.0;0.0;151.05;141.2;0.0;0.0;1804.8;4.9;79.6;0.3399999999999999;55.475;220.95;213.5;19.08;79.62;994.4;3.2;76.0;1.44;0.0;151.39999999999998;158.06;0.0;85.17999999999999;5.0;30;6;36;100.0
06/03/2023 12:04:10;0.0;0.1470325943786775;2.28;0.0;0.0;0.0;0.0;0.0;151.4;141.48000000000002;0.0;0.0;1804.6;4.9;80.2;0.3399999999999999;56.15999999999999;221.18;213.92;19.08;80.34;25.6;0.12;30.4;1.092;0.0;139.26000000000002;142.14;0.0;33.94;5.0;30;6;36;110.0
